dato,applitenskjerm_tilsette,applitenskjerm_studentar,applitenskjerm_assistentar,applitenskjerm_observatørar,appstorskjerm_tilsette,appstorskjerm_studentar,appstorskjerm_assistentar,appstorskjerm_observatørar,nettlesarlitenskjerm_tilsette,nettlesarlitenskjerm_studentar,nettlesarlitenskjerm_assistentar,nettlesarlitenskjerm_observatørar,nettlesarstorskjerm_tilsette,nettlesarstorskjerm_studentar,nettlesarstorskjerm_assistentar,nettlesarstorskjerm_observatørar
2023-12-03,1406,76536,1493,1987,72,7122,238,190,460,17139,326,420,12892,183618,6742,4324
2023-12-04,3448,146077,2508,4368,177,13534,456,342,1081,34674,666,1257,52177,344739,9460,15581
2023-12-05,1986,125446,2347,3592,47,12933,594,41,465,31370,810,691,47265,336807,8058,12849
2023-12-06,3403,124181,2385,3022,66,11173,581,350,895,31336,670,718,41467,283960,7622,10069
2023-12-07,2315,141959,3009,3580,87,11529,392,445,872,34911,817,1092,43728,292461,7585,12615
2023-12-08,2225,82690,1317,1908,167,8045,219,200,900,20448,397,624,39762,228772,7163,11538
2023-12-09,1589,43808,828,1112,49,5699,285,31,446,9921,241,180,8149,149689,5879,4102
2023-12-10,1872,68374,1295,2268,93,5400,231,84,512,15492,513,387,16829,208633,5947,5053
2023-12-11,2486,95487,2160,2617,244,9581,214,120,814,23918,459,697,40296,287639,8145,14087
2023-12-12,2008,83320,1411,2807,108,9078,371,291,520,22204,324,894,36300,281934,8392,12827
2023-12-13,1691,75078,1462,2739,144,6994,222,190,438,18690,439,669,35105,253463,8409,9476
2023-12-14,1861,75981,1370,2634,217,7079,265,197,830,18816,369,840,34993,214755,7064,9529
2023-12-15,2471,79686,1525,2202,38,4517,354,34,538,16664,426,447,34660,160100,7088,8859
2023-12-16,1421,77424,1442,2646,56,4622,226,50,448,14503,378,397,9580,123851,5991,3242
2023-12-17,1393,52430,1088,1579,74,4004,266,11,537,10756,482,548,11477,138275,5527,3942
2023-12-18,2329,80292,1647,1657,115,5240,320,0,530,17275,661,370,40531,153428,3391,8274
2023-12-19,2276,74947,2222,1635,223,3465,62,208,550,14807,534,458,34223,131946,2689,8112
2023-12-20,1788,67855,1392,2102,144,2675,32,67,415,13249,226,327,32923,88878,2852,9044
2023-12-21,1686,56655,1277,1770,59,2323,79,45,478,10696,331,340,23554,47863,1880,5631
2023-12-22,1255,45727,887,1473,12,1400,119,44,469,7798,256,288,16000,28907,1141,3199
2023-12-23,872,26868,730,701,46,1046,75,32,131,4031,142,60,3858,16361,803,1663
2023-12-24,515,24098,597,939,5,1161,59,11,241,3200,108,56,1830,8146,132,777
2023-12-25,825,31026,669,769,10,1419,101,15,98,4519,148,77,2639,21141,333,1888
2023-12-26,1011,30069,431,1012,140,1917,94,3,107,4531,48,137,2593,21104,950,569
2023-12-27,900,39031,478,1085,26,1346,117,5,131,6007,115,174,8878,29320,618,2105
2023-12-28,839,46668,1027,1133,96,1636,135,39,242,7783,167,179,9761,32920,656,1681
2023-12-29,1260,45288,1103,1306,9,1630,110,8,362,7389,201,197,9051,34237,1386,2288
2023-12-30,975,39575,998,1311,11,2290,113,2,277,6667,218,192,4142,27889,805,1662
2023-12-31,754,28468,575,670,7,1390,143,3,102,4009,121,81,5097,21221,716,1531
2024-01-01,1015,67858,1459,1781,9,2847,295,3,169,10968,379,241,7013,43343,1141,2063
2024-01-02,2387,121120,2212,2507,20,3581,168,9,519,22555,416,486,42938,103396,2931,10452
2024-01-03,2816,130620,2921,3071,40,3999,72,33,800,27205,528,640,41706,133322,2332,8684
2024-01-04,1498,84869,1664,2324,39,3388,22,35,335,18545,304,449,42339,112495,2870,9389
2024-01-05,406,25374,562,664,1,1056,10,8,89,5775,106,154,10772,28424,885,2180
2024-01-06,172,10072,241,325,1,486,33,0,22,1947,37,53,1294,8968,383,418
2024-01-07,709,34060,477,1064,96,1760,84,23,166,6945,94,178,5575,28500,942,2263
2024-01-08,11907,876237,17440,23519,473,51343,1269,1671,3134,212477,4099,5596,276116,1162572,33727,65056
2024-01-09,17270,945382,20109,29285,425,65846,2295,1664,3764,232749,5076,6946,303112,1291093,41890,81741
2024-01-10,18374,956061,20430,26509,1298,69480,4382,2048,4716,236749,6130,6116,307057,1264471,43374,85442
2024-01-11,2432,98311,1674,2760,50,6904,180,29,457,23441,443,621,30501,140514,4374,9083
2024-01-12,1381,78236,1827,2077,37,5033,142,65,443,18543,501,505,30929,111578,3499,6522
2024-01-13,1043,40364,1277,1214,14,2171,20,104,217,7787,339,233,9003,44319,2242,2482
2024-01-14,1749,83307,1923,2529,13,3523,19,117,471,16379,406,457,12679,73884,2145,3315
2024-01-15,4886,296150,6032,9371,117,20290,1038,1297,1136,70923,1792,2202,87808,397694,12900,22913
2024-01-16,6321,399418,8678,13356,321,31831,1647,1214,2088,100199,2935,3311,128853,599722,20320,42570
2024-01-17,7807,358875,6551,10657,490,26602,1043,598,2230,88545,2400,2574,130086,537805,16343,35428
2024-01-18,8491,407579,8767,11774,401,25818,1203,489,2182,97289,2341,2688,136898,523701,16395,37698
2024-01-19,6656,278696,6865,8134,370,23453,954,403,1658,68987,2026,1880,104207,389771,12655,28145
2024-01-20,2797,105082,2914,2837,68,7803,362,247,662,21024,982,435,18582,124712,4064,7494
2024-01-21,4179,213684,3720,6394,164,9921,407,354,1006,44572,997,1291,31813,211697,5952,10682
2024-01-22,6211,333895,6059,9327,117,22217,851,393,1666,81344,1931,2359,114733,496551,16820,29212
2024-01-23,6598,333356,6301,9807,369,27500,1402,432,2127,83082,1839,2565,119854,541942,17708,33406
2024-01-24,7860,387551,8084,10459,343,31031,1503,778,2098,96454,2639,2409,141867,615399,16222,34050
2024-01-25,7762,377326,7994,10629,357,27554,963,983,2714,92506,2460,2708,128587,568147,17484,38161
2024-01-26,6037,256551,6431,6771,216,19943,976,336,1951,61786,1888,1320,100800,418658,16882,24568
2024-01-27,2740,115583,1854,4095,147,6517,86,10,832,22086,351,736,16551,167228,6270,5210
2024-01-28,3886,260944,4847,8681,49,12164,282,68,848,52787,947,1464,34555,281551,9203,12093
2024-01-29,6679,418106,9536,16206,331,31482,1403,947,2295,101800,2576,3524,132539,644452,22321,38584
2024-01-30,6077,380676,6963,12741,333,31147,949,533,1882,94892,1840,3025,137590,626127,21175,35672
2024-01-31,6685,377573,7241,9255,284,26446,1731,850,2052,90872,2099,2382,125932,580013,16798,32203
2024-02-01,5962,321177,6289,8916,280,24952,1048,986,2272,79773,2112,2062,125560,554011,18960,33381
2024-02-02,8192,434406,10000,11077,509,31420,1269,1339,2388,105410,2643,2457,179189,707738,23334,43774
2024-02-03,2670,120253,3276,2843,65,8746,188,46,633,24593,1049,577,20577,167825,7578,6573
2024-02-04,8482,379639,7348,10502,158,19435,636,418,2771,79063,1774,2082,54251,422150,14220,16468
2024-02-05,7205,407433,9185,11492,166,28882,1119,578,1933,98137,2436,2476,148616,638230,24649,38765
2024-02-06,5241,284719,5042,6808,268,21672,1337,751,1757,73724,1415,1924,107742,484303,15776,27059
2024-02-07,6735,337582,6176,9273,276,26447,1323,588,1952,86428,1994,2268,124967,563556,21740,29979
2024-02-08,5662,338022,6532,8147,458,24626,1668,569,1886,84965,1990,1936,120383,544053,20239,29346
2024-02-09,4605,236118,5479,6092,89,17348,870,454,1306,55210,1641,1366,97716,383168,20308,21507
2024-02-10,1972,109548,3148,2922,16,6237,273,26,651,21246,750,495,23256,152526,10306,7201
2024-02-11,3865,220244,3549,5609,133,11049,313,527,969,45935,880,1116,37470,255420,9360,10640
2024-02-12,7124,384828,7400,10355,325,26312,1345,728,2329,102940,2444,2964,124026,601657,27302,28561
2024-02-13,5377,356743,6720,11556,371,24680,1614,691,2289,105918,2493,3240,128547,604613,25195,36152
2024-02-14,5305,300014,5707,8069,413,22391,970,561,2157,86889,1978,2145,109582,515943,20520,33020
2024-02-15,6023,294817,5393,7230,156,18915,1531,416,2842,101064,2752,2356,117103,557522,20671,30689
2024-02-16,5410,285310,5492,6260,152,14231,1006,577,1906,76183,1953,1955,105987,381128,16643,23576
2024-02-17,2404,132563,2553,3819,38,6710,169,203,763,28277,520,898,22264,149430,5972,5564
2024-02-18,3079,214566,3714,5316,28,10388,636,423,1071,48934,1085,1188,39896,270378,9429,12941
2024-02-19,5668,326127,7792,8436,259,24535,848,742,1910,89139,2555,2503,128155,571467,22907,31237
2024-02-20,5586,292562,5603,7706,172,25407,1120,541,2255,86188,1607,2136,125897,557383,20329,34936
2024-02-21,4634,284410,6145,7594,258,22508,875,565,1570,79016,2082,1903,117612,510274,22021,31127
2024-02-22,5262,277769,4931,6430,293,23103,1066,678,1999,80694,1546,1750,110295,497075,18931,30292
2024-02-23,4275,212627,5074,5293,74,15523,1033,412,1575,61815,2129,1690,86118,352219,15836,21364
2024-02-24,1541,88508,1623,2420,86,6867,88,239,648,19591,657,613,17503,157653,7269,7124
2024-02-25,2481,165628,2814,3252,153,9339,128,316,609,37803,1042,815,27640,255030,9304,9899
2024-02-26,5722,263792,5020,6764,143,21321,838,237,1623,72535,1400,1845,103298,469477,17850,26723
2024-02-27,4649,235339,4548,5478,325,22660,1125,325,1519,66417,1438,1433,104856,478837,22118,24577
2024-02-28,4372,250431,4708,5564,261,19420,596,365,1634,70327,1344,1713,94350,455359,16956,21267
2024-02-29,627,33049,887,887,0,1423,10,96,457,7946,168,249,13365,40401,1376,2692
2024-03-01,3560,179446,3693,3934,135,12090,587,39,1147,45962,1039,856,68244,300956,13621,17526
2024-03-02,1879,99662,2446,2680,91,6150,307,43,469,21441,589,390,17029,143393,4438,4882
2024-03-03,2480,180598,2644,5595,2,9639,216,55,867,41729,724,1127,30040,239672,7083,7280
2024-03-04,4869,313261,5621,9950,132,22132,541,273,1453,87156,1721,2336,115970,522919,16469,28535
2024-03-05,4464,274168,4639,7661,131,22274,849,371,1461,78179,1622,2011,105649,494012,14661,28148
2024-03-06,4913,257835,3891,5597,147,20873,1025,601,1765,74089,1303,1756,100093,467848,16317,25447
2024-03-07,4326,250324,4587,5867,185,17766,834,405,2101,73182,1823,1409,100468,467966,15218,24926
2024-03-08,3942,189877,3326,4980,14,11639,462,251,1060,48363,1051,986,73869,324199,11982,17629
2024-03-09,1654,87574,1684,1855,32,6661,152,192,510,19895,484,331,15570,139373,6307,3995
2024-03-10,2894,162346,3293,5244,77,7941,159,37,752,38590,713,936,27125,229283,6117,7416
2024-03-11,4867,291159,4855,6670,199,21105,632,298,1678,84811,1768,1757,118336,509758,20686,28557
2024-03-12,5300,260128,4597,6752,192,18121,561,616,1791,73641,1435,1844,98329,484194,17061,26621
2024-03-13,4685,259639,4452,6275,245,19004,933,332,2163,75153,1767,1723,99451,487893,15445,24090
2024-03-14,5279,248651,4565,5533,224,17796,617,266,2026,70873,1530,1708,97370,437826,14887,26193
2024-03-15,4285,201487,3379,4568,196,11624,232,304,1479,56095,965,1310,90409,320979,12106,17915
2024-03-16,1812,86325,1744,1721,3,6322,248,223,500,16024,413,354,16985,126448,5826,4550
2024-03-17,3025,174114,2830,4743,67,9104,230,295,739,36171,532,1001,31631,198861,8237,8871
2024-03-18,5346,304841,5379,6303,355,17880,792,375,2297,77490,1494,1764,106891,497411,15675,30742
2024-03-19,5168,253419,5038,7164,87,18335,538,338,2025,71122,1500,2049,102173,439115,12214,23866
2024-03-20,3577,240496,3716,4899,155,13359,1056,421,1357,65060,1400,1308,93764,376355,10685,23232
2024-03-21,3964,205701,4755,5289,253,13114,499,436,1308,59122,1708,1525,94486,360822,11921,21247
2024-03-22,3809,155447,2748,3503,82,7545,286,112,1060,40537,724,814,65207,227837,8025,15766
2024-03-23,1149,72655,1378,1954,72,4398,455,9,486,14152,320,269,14996,92835,3802,3727
2024-03-24,1424,70500,1487,2353,8,3651,263,91,439,13588,372,389,13429,91959,3055,2855
2024-03-25,1574,81303,1778,3009,15,4959,508,167,598,17828,566,686,31626,126169,4636,8622
2024-03-26,1633,86375,1721,2234,243,4552,76,79,597,19714,462,365,32244,125312,5349,8348
2024-03-27,1573,68904,892,1456,111,3810,182,47,995,14089,428,286,20246,89125,4156,3386
2024-03-28,1121,58434,870,1747,157,4830,283,185,281,11722,196,284,10325,81466,3845,2006
2024-03-29,1285,60253,1005,1141,6,4165,39,9,554,11282,170,247,9440,77636,1656,1921
2024-03-30,1126,64651,1008,2380,89,3789,221,14,466,12110,197,302,8542,60329,2315,3018
2024-03-31,1756,99291,1428,2808,33,5764,123,247,496,19982,287,609,12765,87808,1944,4477
2024-04-01,3510,168540,3313,5386,73,5785,211,118,1461,36770,879,1006,23692,147291,5898,4241
2024-04-02,4853,257202,4882,7671,15,15742,630,461,2065,74681,1659,2154,104818,371488,12358,23824
2024-04-03,8343,459893,7821,12504,331,24039,615,696,3384,131385,2406,3574,151274,670836,19974,35871
2024-04-04,11508,610857,9211,16854,382,38769,2241,561,3734,178184,3626,4451,250156,1088967,27185,56251
2024-04-05,9620,437723,6483,10110,549,28978,1227,327,3815,123783,2356,2982,198763,811507,22579,46412
2024-04-06,3432,194044,3388,5643,22,11884,210,295,907,41254,733,1052,38736,288789,7911,11521
2024-04-07,6789,406345,5952,12654,60,17436,669,467,2513,94799,1452,2874,65020,479741,11359,15446
2024-04-08,11994,804899,13283,24814,228,48341,1246,927,5698,233074,4212,7267,274044,1242466,34698,74830
2024-04-09,13636,744009,12150,23148,400,44148,1304,1315,4209,223600,3654,7048,277624,1265014,34208,76631
2024-04-10,10398,628157,10673,17950,1112,46532,2731,1367,4515,193997,3945,5325,238350,1134524,35093,69054
2024-04-11,9741,593255,10537,15795,654,43804,1687,1375,3231,175965,3471,4632,219547,1095153,32556,53698
2024-04-12,10130,487399,7386,12676,28,28543,773,361,3319,134094,2187,2683,188736,786220,28454,45513
2024-04-13,4298,196948,3331,6271,117,11091,336,107,1424,41724,875,1221,45814,306193,8216,13593
2024-04-14,7455,409660,6001,12522,264,19638,476,295,2672,96692,1765,2899,60875,512742,18516,14060
2024-04-15,13263,745579,13050,22463,135,47408,1371,1609,5131,223161,4824,7255,264816,1226993,43663,75013
2024-04-16,152,13558,487,627,0,508,3,9,155,3022,117,142,3034,14107,442,388
2024-04-17,10229,545094,10391,14386,339,32463,973,683,3906,157124,3411,3817,208511,980322,35093,58764
2024-04-18,10596,593729,10992,16615,140,38613,1850,991,4164,174964,4069,4878,219319,1055199,30534,59140
2024-04-19,8213,423114,8441,9378,246,31186,1355,649,3273,116497,2367,2660,172053,789517,30096,41934
2024-04-20,2978,177401,3188,5219,43,13056,361,562,1729,39918,811,1216,34492,289738,14192,13128
2024-04-21,5827,357584,5773,9147,455,15273,361,944,2525,81990,1582,2808,46860,380411,15055,14858
2024-04-22,13068,674519,11630,18563,143,44568,1839,833,4727,190026,3447,4939,239753,1160048,42908,66345
2024-04-23,11706,620511,10988,17026,1030,43994,2519,2036,6823,182337,3628,5295,245934,1161112,42679,72579
2024-04-24,9593,559505,9411,13070,440,37924,1664,1121,3801,155848,3081,4282,211658,1007806,35577,54121
2024-04-25,10194,535828,10164,14937,543,40107,1323,453,4225,158037,2910,4437,194297,1024462,37303,56361
2024-04-26,9385,403888,7803,9037,326,31459,731,819,3027,112548,2771,2387,150244,715820,28508,37912
2024-04-27,3907,164665,3711,3748,175,10954,862,137,1049,33790,713,764,24151,248830,10992,8854
2024-04-28,6528,300214,5697,10428,150,15208,1072,234,2036,65894,1287,2092,47433,448640,16613,17917
2024-04-29,9279,582461,11489,17123,238,40543,1413,1273,3240,169691,3885,4516,218122,1128077,38359,60143
2024-04-30,9137,470351,9795,14700,177,37454,884,1463,2996,137056,2886,4272,193072,951339,29917,58436
2024-05-01,6152,283681,5209,8666,22,23447,836,321,3427,75649,1509,2090,63978,655945,21278,20850
2024-05-02,9220,433538,9859,12507,241,31173,1389,1090,3330,126946,3398,3592,200567,809474,27300,52079
2024-05-03,7826,342510,8357,8743,125,20990,723,338,2873,94964,2412,2485,155941,571793,23906,37361
2024-05-04,3630,133782,2252,4816,115,10048,612,249,1040,29234,547,740,28777,250092,11907,8370
2024-05-05,6265,289262,5745,10902,126,15023,606,255,1484,71043,1726,2257,53764,451195,16993,15152
2024-05-06,9508,533996,10713,16917,257,44833,1106,1339,3075,157480,2930,5582,237523,1134708,37267,58668
2024-05-07,9795,517433,10554,15687,336,42395,1083,1420,4717,159470,3274,5034,206654,1110906,35285,59268
2024-05-08,8882,370410,7965,9837,338,33624,1322,1579,3815,113529,2630,3333,173901,948724,30959,50157
2024-05-09,5544,208989,4406,5752,184,30533,1244,1376,1965,61234,1449,1585,61295,825187,25915,23606
2024-05-10,6909,265226,4440,7669,121,27414,1183,1047,2387,78314,1431,2215,113688,719722,28395,26151
2024-05-11,3478,126025,2396,3180,84,19244,1345,1687,719,31934,441,784,21676,445840,13277,10297
2024-05-12,6227,235161,3831,6406,391,21337,896,936,3615,61358,1018,1445,44796,623451,18919,14981
2024-05-13,10662,496706,8799,13611,659,41354,892,1201,5214,154591,2613,4873,174241,1154374,27344,48841
2024-05-14,8566,405107,7469,12368,191,35942,536,573,3336,123169,2168,3039,160368,1013129,29262,51420
2024-05-15,9267,411800,8985,12675,612,26623,568,557,4153,122591,2843,3699,138662,868388,31523,31504
2024-05-16,7060,256704,4467,7497,218,17070,702,531,3082,76349,1188,2286,114827,577184,19061,33725
2024-05-17,1978,65574,2014,2168,101,3292,116,12,489,9403,312,236,11418,98019,2843,4891
2024-05-18,3195,98336,1774,2651,70,11958,453,132,736,22515,433,416,16662,271752,9922,6419
2024-05-19,3507,151244,2556,4831,103,20664,191,175,933,41004,401,785,24001,575951,16149,14987
2024-05-20,5329,244814,3438,8490,74,31284,790,453,1361,69708,1092,1956,43005,862133,27310,23992
2024-05-21,8586,446864,7983,14149,184,34827,837,937,2949,141701,2763,4323,178660,1074507,37533,54503
2024-05-22,6965,356116,7314,10582,367,30784,965,1899,2884,112599,2591,3528,157318,1017529,31842,48725
2024-05-23,6077,331738,6820,9347,66,36451,871,856,3010,116169,2076,3633,130286,1023648,32397,45398
2024-05-24,6139,314187,6094,8342,72,26650,1405,493,2716,102651,2123,2671,107145,797198,27580,34770
2024-05-25,3168,124352,2598,3842,46,20299,814,433,854,33703,625,805,19034,533716,14998,10254
2024-05-26,4407,211773,4236,6983,161,23773,721,415,1089,57665,1265,1724,38447,753343,21838,19777
2024-05-27,7661,417873,8561,12586,377,40324,1666,1139,3232,130445,3120,3836,159300,1249332,32816,50187
2024-05-28,8672,367717,8701,11895,113,41141,793,717,2311,116141,2149,3660,156853,1114337,29816,51414
2024-05-29,6630,339760,6040,9639,111,38415,927,670,2387,104110,1593,2602,134081,1084516,27681,47020
2024-05-30,5848,327768,6719,9017,352,33459,1404,847,2511,98120,2327,2758,131052,975961,23752,40315
2024-05-31,5958,276495,6194,8631,290,19103,705,418,2459,83137,1704,2339,102623,604771,18137,33860
2024-06-01,2010,115458,1648,3595,572,16470,182,103,937,29383,357,505,18378,413584,8957,8697
2024-06-02,4626,198995,3815,5994,559,21767,751,356,2047,53620,916,1292,29525,655758,16838,11656
2024-06-03,8301,372266,7424,10852,505,29107,846,804,3690,112149,2302,3096,141462,897760,25659,43928
2024-06-04,7474,319854,5816,8945,188,25658,1115,458,2441,95547,1979,2576,140186,862849,21666,44367
2024-06-05,5529,329051,5897,8363,288,22119,1280,1025,2135,101885,1837,3080,138862,780563,23710,39136
2024-06-06,6144,288377,6010,7583,286,17526,955,717,2266,80771,1609,2254,122715,641435,15578,33912
2024-06-07,6273,259189,4446,8985,199,11658,204,605,2081,71817,1200,2556,104083,370269,11083,27064
2024-06-08,2658,94064,2194,2754,57,9556,218,302,790,22157,452,515,15482,194491,5664,9736
2024-06-09,3044,133474,3728,3684,309,12098,737,136,939,31653,1057,758,25061,264224,8011,8683
2024-06-10,6080,251768,7469,8734,52,12110,165,322,1819,71747,2123,2229,135626,438914,12894,39548
2024-06-11,6498,271789,6062,8790,431,9710,497,570,1785,76059,1943,2451,122836,398912,12058,37107
2024-06-12,5571,204603,5609,7017,553,10759,439,579,1391,55009,1581,2009,108157,317645,8126,36198
2024-06-13,5130,196701,3993,6818,216,7775,184,274,1536,53253,1120,1867,117255,281204,6295,27928
2024-06-14,3438,172300,3736,4608,71,7074,208,261,955,43666,988,1105,85383,185881,4592,24902
2024-06-15,2235,72535,1514,1883,44,6183,532,50,514,14388,274,321,8548,88723,3587,3150
2024-06-16,2905,84595,1814,1719,32,6159,264,119,727,14661,317,346,14071,128060,4124,4078
2024-06-17,3159,126349,2995,2877,55,6572,101,12,858,29662,679,643,115654,238519,7369,21123
2024-06-18,3157,124080,1990,2629,46,5755,105,61,1000,29049,465,621,95469,173612,4372,17784
2024-06-19,2583,114260,2342,2448,327,4889,43,20,1521,27637,539,841,84959,146754,4486,20085
2024-06-20,3246,115018,2403,3452,118,3677,54,20,1152,24948,396,893,109698,129639,3161,15426
2024-06-21,2714,104774,2486,3177,34,3159,46,27,766,20536,432,651,92745,104729,2420,20762
2024-06-22,1319,53599,1023,1367,38,2854,41,32,248,8411,170,191,9582,23554,1279,3933
2024-06-23,1424,51671,1204,1330,25,3558,54,25,253,8201,168,231,11869,24970,886,2299
2024-06-24,3147,83708,2495,2149,34,3312,52,91,975,17222,419,369,103918,101979,3365,24556
2024-06-25,1994,73003,1652,2232,206,2997,37,22,769,15935,343,455,107048,107050,2301,22232
2024-06-26,2284,80632,1578,1562,34,3355,99,43,603,15654,254,283,88859,89578,1810,19777
2024-06-27,1733,61161,1606,1060,113,3928,123,180,412,11297,262,175,74790,73649,1590,16577
2024-06-28,50,3492,17,96,3,267,4,0,13,552,0,20,677,2273,0,16
2024-09-04,9816,514242,8903,10976,164,56495,1957,878,2486,80738,1282,1869,268552,964349,24066,61348
2024-09-05,8574,467820,7888,9453,197,48780,1294,662,1719,71247,1028,1429,237847,839265,25550,52067
2024-09-06,6773,328078,6113,8546,330,34481,1755,525,1276,49965,987,1422,195551,569431,15423,44355
2024-09-07,3262,117815,2809,2623,91,8907,396,18,322,12131,287,143,20901,125072,3576,4783
2024-09-08,5109,290403,5271,6390,366,17146,346,313,1479,31661,463,1282,57295,309648,8995,18915
2024-09-09,12479,598291,11213,12429,526,65025,2075,425,1869,88458,1468,1786,297362,1091406,32081,66049
2024-09-10,10202,568550,9784,14088,577,65724,2343,284,2450,86743,1370,1912,295644,1099206,32441,69517
2024-09-11,8471,533333,9732,12558,487,52306,1155,466,2046,71319,1196,1875,265332,980203,29299,55470
2024-09-12,9825,507403,8016,11691,553,58436,2422,856,2176,70921,931,1582,257315,924703,25780,54728
2024-09-13,9075,359715,6337,7067,461,43468,1699,493,2358,45706,735,927,202521,634223,19584,43125
2024-09-14,2751,144891,2532,2929,22,10824,387,15,533,11680,217,164,33639,176537,8496,5374
2024-09-15,4938,312236,4832,6389,288,22379,1103,498,984,30279,493,706,63735,376471,14614,16322
2024-09-16,11345,597535,9738,13468,411,64765,2756,960,2300,83640,1349,2250,300943,1063932,28724,64561
2024-09-17,8937,523157,10251,11817,170,60202,2748,482,2577,72096,1546,2160,281055,1031359,28923,60641
2024-09-18,9463,534220,7809,11457,575,55622,1912,217,1665,74230,1117,1922,242258,886778,27878,51026
2024-09-19,9521,472135,5810,11193,437,47839,1912,581,2443,61015,798,1978,242154,885992,23500,55884
2024-09-20,7917,368627,5547,8600,70,38655,1958,314,1890,51765,922,1586,201605,650043,27544,46811
2024-09-21,2578,132568,2042,3220,64,9959,314,5,240,10807,115,249,29316,170721,10489,5771
2024-09-22,4526,293139,3513,7376,123,19316,757,234,863,27345,312,724,63699,356252,11152,12539
2024-09-23,11600,617232,10458,14577,565,65880,2172,763,2460,79084,1277,1866,301023,1077285,32369,67878
2024-09-24,11954,574585,9241,11877,442,62826,3242,1100,3265,68784,1484,1699,273208,991381,29438,58975
2024-09-25,10639,510136,9091,13075,317,51342,1909,259,1696,70696,1304,1949,249765,976613,29084,57634
2024-09-26,9086,467443,7551,11170,430,44487,2093,439,2469,60845,947,1959,224300,841222,28964,54918
2024-09-27,5726,346237,4594,7290,125,35892,1199,307,1051,41768,562,841,194455,643638,20220,48079
2024-09-28,2817,128749,2537,3084,37,12008,499,47,521,10427,131,259,39618,215205,6495,10979
2024-09-29,5026,279730,4469,6951,316,19703,541,214,1015,27776,366,736,65399,352471,9990,19578
2024-09-30,10092,598989,9837,12300,348,53734,2543,720,2057,78756,1186,1911,287289,990045,27183,65444
2024-10-01,9142,489165,8667,10671,137,51041,2210,502,2088,62452,1158,1316,256477,936828,25806,57708
2024-10-02,9505,503891,9370,11214,317,48403,1409,443,1602,65272,1407,1446,245128,882090,23887,63523
2024-10-03,7611,453027,7739,10768,289,47934,1666,680,1683,60593,760,1502,214580,779764,23618,49928
2024-10-04,7902,321944,6502,6854,173,35466,1484,419,1355,39450,825,948,188693,585917,23136,43933
2024-10-05,2642,133779,2356,2356,145,10958,223,234,645,11550,184,402,34660,198775,10055,6622
2024-10-06,4347,246232,3830,5345,123,19936,270,19,795,23148,401,535,51477,324898,11518,11536
2024-10-07,9511,512538,9488,10682,258,45446,981,323,1177,65330,893,1325,241404,939473,27091,56848
2024-10-08,8984,461178,10242,9335,260,49827,2849,416,1856,66121,1152,1331,216141,860796,24420,49636
2024-10-09,11414,411565,7549,8301,260,41665,989,621,2354,49932,692,1042,241205,839885,24726,45713
2024-10-10,9322,352795,7994,7618,173,35665,886,1009,2652,38703,772,821,181557,684048,28058,36076
2024-10-11,6178,267941,4587,6291,186,25693,780,233,1266,28221,434,388,157494,520119,17779,37330
2024-10-12,3445,135152,2556,2727,44,10599,273,26,556,9481,98,170,32300,191111,8826,6990
2024-10-13,5171,303682,5545,6707,109,20257,78,50,1041,28056,413,578,63468,344910,10685,12945
2024-10-14,10698,552861,9548,12597,284,54685,1612,227,2109,66257,971,1266,273317,945216,27380,57499
2024-10-15,12036,497678,8438,9435,362,49513,2120,637,2738,64519,801,1562,240341,870566,28665,51748
2024-10-16,9612,464323,8113,11164,114,49719,1919,675,3450,58865,1084,1397,236631,837024,21449,48335
2024-10-17,10145,457555,9035,12013,585,43894,1668,1365,2484,55586,1117,1595,240989,832588,23184,50224
2024-10-18,8158,360948,6303,6720,251,28569,1356,218,1267,44272,802,901,195802,635592,24978,39150
2024-10-19,3222,139107,2174,3697,23,8356,189,36,1164,10851,109,326,35409,199350,8071,6908
2024-10-20,5028,321950,3826,8218,164,18668,439,332,790,31251,191,1085,69528,365139,14224,9963
2024-10-21,9220,631243,8362,13831,369,56883,1906,1196,1060,94680,942,2128,284513,1083463,26229,67536
2024-10-22,10495,521382,8378,9726,252,43430,1615,591,2164,71775,1009,1533,256161,977316,29564,59016
2024-10-23,10728,433648,6450,8617,229,48817,1148,617,2328,60234,728,1292,227768,887771,22389,49041
2024-10-24,9490,425269,6708,9043,206,40776,1887,220,2002,54957,804,1251,222054,795327,21556,52376
2024-10-25,7800,308258,5054,6965,354,28868,594,422,1537,39571,585,760,194155,589535,17530,39322
2024-10-26,3437,126319,2151,3003,92,11766,430,25,748,9733,145,175,30528,196686,7953,6917
2024-10-27,5212,268932,4364,6001,222,16067,211,148,1263,23832,183,637,70958,356616,13538,19511
2024-10-28,10093,468789,8362,10207,69,45660,1581,484,2040,62902,1083,1206,281859,1026594,26459,62268
2024-10-29,9478,423362,7608,8964,191,39276,1255,313,2289,56142,946,1144,246085,892480,24967,60505
2024-10-30,10455,433974,7470,9093,507,41653,1745,532,2150,55770,924,1411,211553,843303,24296,55317
2024-10-31,10031,399495,5459,11395,315,36362,1064,556,2475,51325,781,1471,224487,812149,17492,47276
2024-11-01,7208,293056,4016,6780,333,27618,691,322,2359,34785,344,683,178274,569713,15981,30375
2024-11-02,3549,122032,1752,2289,94,11408,521,68,531,10144,175,277,37869,203650,7606,6669
2024-11-03,5759,275502,3981,6183,224,20889,725,294,2433,28383,494,1279,77867,371904,9676,12714
2024-11-04,9614,495311,8546,11960,78,45427,1472,438,2653,60817,1004,1844,259317,926281,21931,55437
2024-11-05,1996,95127,1402,2279,3,13067,494,188,1259,18008,305,664,85897,341944,6816,17428
2024-11-06,2751,136679,2152,2835,131,20332,861,257,704,25766,490,462,158848,494764,12468,27507
2024-11-07,2689,123088,2236,2777,136,18636,570,302,1140,22698,403,645,166765,491386,11646,27935
2024-11-08,2533,103881,1292,1901,3,14301,398,103,1027,18765,229,799,116034,374326,11557,25078
2024-11-09,929,41033,500,802,6,5141,48,44,206,6203,89,63,22383,155594,5437,4311
2024-11-10,1965,84826,1464,1935,35,8104,126,55,640,13271,177,273,42990,242399,9777,7844
2024-11-11,2986,176312,2360,3822,29,24036,911,274,977,35436,509,699,167128,567075,17640,32999
2024-11-12,3089,143656,2473,3036,68,22131,571,185,778,28603,471,518,145322,570093,15492,33754
2024-11-13,3345,142223,2022,2617,79,18536,634,302,951,26244,406,540,143261,541837,15736,33682
2024-11-14,3280,156344,2161,1845,161,19401,1117,96,1323,28673,385,536,137469,520304,12887,30394
2024-11-15,2554,106145,1783,1906,13,13466,386,117,1021,19344,245,348,112617,387274,11525,22662
2024-11-16,1716,42569,666,1055,59,6352,193,0,360,6371,130,251,19207,174675,4878,5750
2024-11-17,2314,74173,853,1342,166,8329,52,3,571,11928,105,187,44506,261103,8219,9532
2024-11-18,2881,144584,2324,3143,305,18982,455,413,1631,28845,451,502,155853,558985,14590,33427
2024-11-19,3506,127167,1520,3166,129,20848,325,109,1373,26598,318,544,143032,578941,12118,32648
2024-11-20,2711,114627,2089,2038,7,19088,565,132,1223,23015,339,492,127685,555297,12826,29038
2024-11-21,2280,103424,1125,2975,3,14075,367,105,625,19952,177,803,117797,505843,10740,26333
2024-11-22,1966,77614,1023,1270,7,12842,224,28,616,15596,230,377,88547,357957,8827,19459
2024-11-23,1141,33071,587,555,0,5263,231,6,518,5988,87,159,11115,204757,4274,3912
2024-11-24,1589,57762,612,1890,49,9905,131,137,292,10954,117,331,28588,302307,7483,8337
2024-11-25,4230,119699,1754,3303,307,17186,268,394,951,23694,369,731,129981,610859,13676,30823
2024-11-26,2731,102791,1560,2533,63,16326,175,421,1027,21566,207,421,115319,561428,14424,26219
2024-11-27,2886,100324,1394,2185,75,14529,268,388,516,19763,229,393,100749,511539,11605,25006
2024-11-28,2866,101352,1205,2587,115,16371,18,66,678,20737,239,587,95415,523373,9649,27891
2024-11-29,2673,64580,782,1208,5,9335,192,27,1059,13962,208,186,77777,400619,8397,20100
2024-11-30,1089,30520,807,587,10,6307,71,40,265,6422,77,43,13372,257341,4317,4905
2024-12-01,1631,48286,588,1544,131,8931,462,20,438,10334,146,274,24937,334169,8652,7598
2024-12-02,3323,109023,1378,1931,0,15772,605,224,737,22694,298,381,113013,570016,15283,30313
2024-12-03,2161,85056,1589,2151,94,12879,359,318,504,16110,370,366,113301,558534,17207,30933
2024-12-04,2683,81830,1366,1935,41,13442,141,59,558,17316,160,506,89905,463761,11864,26901
2024-12-05,2323,78343,1428,2044,51,12291,260,371,410,14274,231,377,80523,504231,10571,26598
2024-12-06,3,972,131,27,0,156,0,0,1,139,3,1,586,7491,19,390
